-- phpMyAdmin SQL Dump
-- version 5.0.2
-- https://www.phpmyadmin.net/
--
-- Хост: 127.0.0.1:3306
-- Время создания: Мар 11 2022 г., 20:03
-- Версия сервера: 8.0.19
-- Версия PHP: 7.2.29

SET SQL_MODE = "NO_AUTO_VALUE_ON_ZERO";
START TRANSACTION;
SET time_zone = "+00:00";


/*!40101 SET @OLD_CHARACTER_SET_CLIENT=@@CHARACTER_SET_CLIENT */;
/*!40101 SET @OLD_CHARACTER_SET_RESULTS=@@CHARACTER_SET_RESULTS */;
/*!40101 SET @OLD_COLLATION_CONNECTION=@@COLLATION_CONNECTION */;
/*!40101 SET NAMES utf8mb4 */;

--
-- База данных: `cleanblog`
--

-- --------------------------------------------------------

--
-- Структура таблицы `categories`
--

CREATE TABLE `categories` (
  `id` int NOT NULL,
  `title` varchar(255) NOT NULL
) ENGINE=InnoDB DEFAULT CHARSET=utf8;

--
-- Дамп данных таблицы `categories`
--

INSERT INTO `categories` (`id`, `title`) VALUES
(1, 'Природа'),
(2, 'Мир IT'),
(3, 'Здоровье'),
(4, 'Книги'),
(5, 'Машины');

-- --------------------------------------------------------

--
-- Структура таблицы `comments`
--

CREATE TABLE `comments` (
  `id` int NOT NULL,
  `author` varchar(255) NOT NULL,
  `date` datetime NOT NULL DEFAULT CURRENT_TIMESTAMP,
  `text` text NOT NULL,
  `email` varchar(255) NOT NULL,
  `post_id` int DEFAULT NULL
) ENGINE=InnoDB DEFAULT CHARSET=utf8;

--
-- Дамп данных таблицы `comments`
--

INSERT INTO `comments` (`id`, `author`, `date`, `text`, `email`, `post_id`) VALUES
(1, 'Alisher', '2021-05-11 09:50:04', 'Phasellus mattis tellus eu risusLorem ipsum dolor sit amet, consectetur adipiscing elit.\r\nvLorem ipsum dolor sit amet, consectetur adipiscing elit.', 'bionorica2015@mail.ru', 1),
(2, 'Sam', '2021-05-11 09:50:04', 'Phasellus mattis tellus eu risusLorem ipsum dolor sit amet, consectetur adipiscing elit.\r\nvLorem ipsum dolor sit amet, consectetur adipiscing elit.', 'qwerty@mail.ru', 1),
(3, 'Artem', '2021-05-11 09:50:04', 'Phasellus mattis tellus eu risusLorem ipsum dolor sit amet, consectetur adipiscing elit.\r\nvLorem ipsum dolor sit amet, consectetur adipiscing elit.', '123@mail.ru', 2),
(4, '', '2021-05-11 09:56:29', 'Phasellus mattis tellus eu risusLorem ipsum dolor sit amet, consectetur adipiscing elit. vLorem ipsum dolor sit amet, consectetur adipiscing elit.', 'cakeacademy2021@mail.ru', 2),
(5, 'sam', '2021-05-11 09:57:28', 'Phasellus mattis tellus eu risusLorem ipsum dolor sit amet, consectetur adipiscing elit. vLorem ipsum dolor sit amet, consectetur adipiscing elit.', 'cakeacademy2021@mail.ru', 2),
(6, 'sams', '2021-05-11 09:57:44', 'Phasellus mattis tellus eu risusLorem ipsum dolor sit amet, consectetur adipiscing elit. vLorem ipsum dolor sit amet, consectetur adipiscing elit.', 'dressclub2021@mail.ru', 2),
(7, 'samxon', '2021-05-11 10:29:37', 'Состояние новое\r\nСтрана производитель СССР\r\nКоличество в наличии 1', 'dressclub2021@mail.ru', 3),
(8, 'sam', '2021-05-11 11:01:19', '', 'bionorica2015@mail.ru', 3),
(9, 'sam', '2021-05-15 18:14:15', 'Phasellus mattis tellus eu risusLorem ipsum dolor sit amet, consectetur adipiscing elit. vLorem ipsum dolor sit amet, consectetur adipiscing elit.', 'dressclub2021@mail.ru', 2),
(10, 's', '2021-05-15 18:14:26', 'sdss', 'bionorica2015@mail.ru', 2),
(11, 'mat', '2021-05-15 18:17:20', 'qwerty', 'bionoricdsda2015@mail.ru', 2),
(12, 'Edward Jonson', '2021-05-16 09:07:59', 'Phasellus mattis tellus eu risusLorem ipsum dolor sit amet, consectetur adipiscing elit. vLorem ipsum dolor sit amet, consectetur adipiscing elit.', 'test@mail.ru', 2),
(13, 'mat', '2021-05-22 19:25:07', 'Phasellus mattis tellus eu risusLorem ipsum dolor sit amet, consectetur adipiscing elit. vLorem ipsum dolor sit amet, consectetur adipiscing elit.', 'bionorica2015@mail.ru', 1),
(14, 'Murod', '2021-05-22 20:34:22', 'Class!', 'qw@mail.ru', 3),
(15, '', '2021-05-29 21:26:24', '', '', 3),
(16, 'samxon', '2022-02-28 20:29:53', '<input type=\"hidden\" name=\"<?=Yii::$app->request->csrfParam?>\" value=\"<?=Yii::$app->request->getCsrfToken()?>\"/>', 'qwerty@mail.ru', 1),
(17, 'Alijon', '2022-02-28 20:31:08', 'erere', 'qwerty@mail.ru', 1),
(18, 'Alijon', '2022-02-28 20:32:53', 'dedede', 'admin@mail.ru', 1),
(19, 'Alijon', '2022-02-28 20:33:17', 'dedede', 'admin@mail.ru', 1),
(20, 'samxon', '2022-02-28 20:35:15', '123', 'html6@mail.ru', 1),
(21, 'ax', '2022-02-28 20:40:34', 'axa', 'admin@mail.ru', 1),
(22, 'Alijon', '2022-02-28 20:40:51', 'as', 'dressclub2021@mail.ru', 1),
(23, 'Andrey', '2022-03-01 20:58:21', 'www', 'qwerty@mail.ru', NULL),
(24, 'Alijon', '2022-03-01 20:58:59', '123', 'qwerty@mail.ru', NULL),
(25, 'Alijon', '2022-03-01 21:00:23', '            return $this->redirect([\'site/detail\', \'id\'=>$cat_id]);', 'qwerty@mail.ru', NULL),
(26, 'samxon', '2022-03-01 21:07:21', '777', 'qwerty@mail.ru', 1),
(27, 'samxon', '2022-03-01 21:08:05', '            return $this->redirect([\'site/detail\', \'id\'=>$cat_id]);', 'html6@mail.ru', 1),
(28, 'Alijon', '2022-03-01 21:08:45', '            return $this->redirect([\'site/detail\', \'id\'=>$cat_id]);', 'qwerty@mail.ru', NULL),
(29, 'sam', '2022-03-01 21:11:12', '            return $this->redirect([\'site/detail\', \'id\'=>$cat_id]);', 'admin@mail.ru', 3),
(30, 'Alijon', '2022-03-01 21:11:50', '            return $this->redirect([\'site/detail\', \'id\'=>$cat_id]);', 'admin@mail.ru', 1),
(31, 'Alijon', '2022-03-01 21:30:55', '            return $this->redirect([\'site/detail\', \'id\'=>$cat_id]);', 'qwerty@mail.ru', 49),
(32, 'Alijon', '2022-03-01 21:31:08', '111', 'cakeacademy2021@mail.ru', 49),
(33, 'Alijon', '2022-03-01 21:32:43', '333', 'admin@mail.ru', 58),
(34, 'Andrey', '2022-03-04 21:09:26', '777111', 'admin@mail.ru', 1),
(35, 'mat', '2022-03-04 21:09:51', '777111', 'cakeacademy2021@mail.ru', 42),
(36, 'Lol Kek', '2022-03-05 09:03:30', '5', 'notebookoof@yandex.ru', 41);

-- --------------------------------------------------------

--
-- Структура таблицы `friends`
--

CREATE TABLE `friends` (
  `id` int NOT NULL,
  `name` varchar(255) NOT NULL,
  `cat_id` int NOT NULL
) ENGINE=InnoDB DEFAULT CHARSET=utf8;

--
-- Дамп данных таблицы `friends`
--

INSERT INTO `friends` (`id`, `name`, `cat_id`) VALUES
(1, 'Karim', 1),
(2, 'Umar', 1),
(3, 'Alisher', 2),
(4, 'Murod', 0),
(5, 'Artem', 0),
(6, 'Andrey', 1);

-- --------------------------------------------------------

--
-- Структура таблицы `posts`
--

CREATE TABLE `posts` (
  `id` int NOT NULL,
  `comments` int DEFAULT NULL,
  `date` datetime NOT NULL DEFAULT CURRENT_TIMESTAMP,
  `author` varchar(255) NOT NULL,
  `categories` varchar(255) NOT NULL,
  `text` text NOT NULL,
  `title` varchar(255) NOT NULL,
  `cat_id` int DEFAULT NULL,
  `img` varchar(255) DEFAULT NULL,
  `views` int DEFAULT NULL,
  `friend_id` int DEFAULT NULL
) ENGINE=InnoDB DEFAULT CHARSET=utf8;

--
-- Дамп данных таблицы `posts`
--

INSERT INTO `posts` (`id`, `comments`, `date`, `author`, `categories`, `text`, `title`, `cat_id`, `img`, `views`, `friend_id`) VALUES
(1, 2, '2021-12-07 23:00:42', 'Karim', 'Здоровье', 'Рождественские и новогодние праздники – это дружеские и семейные застолья. Походы в гости и прием гостей, активный отдых на природе и выходные в стиле хюгге с любимыми – надо приготовить много вкусного и еще больше вкусного съесть. А то, что не съели, можно оставить «на потом». К сожалению, праздничная неделя – рекордсмен не только по улыбкам, загаданным желаниям и подарками, но и по пищевым отравлениям.\r\n\r\nКак избежать чрезмерной нагрузки на организм? Как правильно хранить готовые блюда? Как действовать в случае отравления?\r\n\r\nКак избежать переедания в праздники\r\nЧасто после праздников мы выбрасываем недоеденные салаты, испорченные гарниры и заветренные закуски. После каждого праздничного застолья остается много лишних и непригодных к употреблению продуктов. Доедать «чтобы не пропало» – плохое решение, с таким подходом придется долго бороться с лишним весом и проблемами со здоровьем.\r\n\r\nСоставляем праздничное меню\r\nПоинтересуйтесь у ваших близких, какие блюда они хотят видеть на новогоднем столе. Запишите их пожелания, и вы поймете, что многих «традиционных» блюд в составленном меню либо нет, либо их нужно приготовить в меньшем объеме. Готовьте и покупайте то, что вас порадует, а не то, что должно быть на столе «для галочки».\r\n\r\nПьем воду\r\nСтакан чистой воды перед застольем поможет притупить чувство голода и отнестись к выбору блюд и размеру порции рациональнее. Рекомендовано пить воду и между порциями алкогольных напитков. Спиртное обезвоживает организм, провоцирует секрецию пищеварительной системы и замедляет сжигание жиров, в результате мы не чувствуем насыщения, когда в действительности организм получил нужное количество еды.\r\n\r\nНачинаем ужин с овощей\r\nПеред основным блюдом съешьте порцию овощного салата без майонеза или овощи из нарезки. Овощи содержат много воды и клетчатки, которые способствуют чувству насыщения и хорошему пищеварению. К более калорийным блюдам приступайте после овощей.\r\n\r\nСледим за ощущениями\r\nОбычно организм дает нам четкий сигнал «Я сытый!», но мы этот знак пропускаем. От момента насыщения до сигнала о нем проходит около 30 минут. Поэтому есть нужно не торопясь, тщательно пережевывая каждый кусочек пищи. Решили сделать паузу и отложили приборы – это и есть момент сытости! Ошибка в том, что после этого сигнала мы продолжаем есть, и неизбежно переедаем. Прежде чем взять добавку, подождите 20 минут.\r\nНебольшие порции на небольших тарелках\r\nЛучше взять небольшую порцию, хорошо себя чувствовать и попробовать другие блюда, чем переесть и выбросить недоеденное. По данным диетологов оптимальную порцию для взрослого человека можно рассчитать так: мясное – размером со средний смартфон, углеводный гарнир – размером с компьютерную мышку, овощи – объемом со смартфон и мышку вместе. Во время застолья в формате шведского стола берите небольшую тарелку: визуально порция будет больше, и ощущения недоедания не возникнет.\r\n\r\nНе едим все и сразу\r\nОт кулинарного разнообразия разбегаются глаза и хочется попробовать все и сразу? Не спешите. Любой самый вкусный и изысканный продукт можно купить в супермаркете в любой день года и недели. Времена, когда еда была дефицитом, а праздник – единственной возможностью вкусно поесть, остались в далеком прошлом.\r\n\r\nКак хранить готовые блюда и продукты\r\nСохранить свежесть готовых блюд и застраховаться от неприятностей со здоровьем поможет соблюдение простых правил:\r\n\r\nГорячие блюда\r\nПосле приготовления и до подачи температура горячего блюда должна поддерживаться на уровне 60°С или выше. Хранить такие блюда теплыми при комнатной температуре долго – небезопасно, температурное окно от 4 до 60°С является лучшим для размножения вредных бактерий. Сохранить высокую температуру можно поместив блюдо в разогретую духовку.\r\n\r\nНе доели горячее – отправляем его в холодильник в температуру 4°С и ниже не позже, чем через два часа после приготовления.\r\n\r\nХолодные блюда\r\nХолодные блюда храним при температуре 4°С и ниже. С ними также действует правило двух часов – отправляем блюдо в холодильник не позже чем через 2 часа после приготовления или получения у курьера.\r\n\r\nНакрываете стол заранее – ставьте небольшие порции. Решили освежить блюдо – заменяйте порцию полностью, а не докладывайте свежую еду в ту, что уже находится на столе.', 'ПРАЗДНИКИ БЕЗ ПЕРЕЕДАНИЙ И ОТРАВЛЕНИЙ', 3, 'upl/health/1.jpg', 142, 1),
(2, 3, '2021-12-08 09:16:54', 'Karim', 'Здоровье', 'На календаре почти середина октября, на улице – настоящая золотая осень. Пора доставать любимые свитера и подбирать подходящие шарфы и шапки. И, конечно же, вместе с ревизией одежды, стоит пересмотреть свою косметику. Да-да, кремы, маски, скрабы, пилинги тоже сезонны и требуют осенней замены.\r\n\r\nСейчас кожа, привыкшая к летней жаре, перестраивается и приспосабливается к колючему ветру, недостатку солнца, перепадам температур. При этом погода нестабильна – резкое похолодание сменяется теплом, дождь с ветром – ясными солнечными днями. А впереди – зимние холода. Коже приходится нелегко, особенно, если в течение лета она подвергалась интенсивному загару и недостаточной защите от активного солнца.\r\n\r\nОсенние проблемы кожи:\r\nсухость, вызванная обезвоженностью и нарушением барьерных функций;\r\nутолщение рогового слоя (а значит, тусклость и шершавость), особенно если старательно загорали и пренебрегали отшелушиванием, чтобы не смыть загар;\r\nгиперпигментация – еще одно следствие общения с солнцем;\r\nповышенная чувствительность – реакция кожи на более низкие температуры и сухой осенний воздух;\r\nпокраснения – реакция сосудов на похолодание.\r\nУход за кожей осенью состоит из таких элементов:\r\nмягкое очищение и пилинг;\r\nусиленное увлажнение;\r\nпитание;\r\nзащита.\r\nОчищение кожи\r\nОсенью использовать слишком жесткие очищающие средства не рекомендуется. Лучше перейти на более мягкий способ очищения, который не лишает кожу влаги. Замените агрессивные гели и пенки, которые содержат ПАВы и сушат кожу лица, на более мягкие, кремовые очищающие продукты. Макияж обязательно смывайте молочком перед умыванием. Сухую кожу рекомендуется очищать средствами на масляной основе – они помогут удерживать в ней влагу.\r\n\r\nПопробуйте «Восстанавливающий тоник для лица» от Amrita или «Мицелярную воду».\r\n\r\nМягко очищают кожу лица, шеи и зоны декольте, освежают и тонизируют кожу лица, сужают поры. «Мицелярная вода» более легкая, тоник – насыщеннее. Обеспечивают легкий лифтинг и нормализуют рН-баланс кожи. Не содержат парабенов, силиконов и минеральных масел.\r\n\r\nПилинг кожи осенью\r\nОсенний пилинг кожи существенно отличается от летнего. Замените грубый скраб на более мягкий (желательно, на масляной основе). Идеальным осенним пилингом являются средства с фруктовыми кислотами и салициловой кислотой. Они эффективно удаляют мертвые клетки кожи, при этом не травмируя ее.\r\n\r\nУвлажнение\r\nЛегкие кремы для лица, которыми вы пользовались летом, осенью рекомендуется заменить на более питательные и увлажняющие. Они создадут мощный барьер, который будет препятствовать потери влаги в коже. Ночные кремы важно подбирать с восстанавливающими компонентами – нормализуется и восстанавливается верхний слой кожи.', 'КРАСОТА В МЕЖСЕЗОНЬЕ: СЕКРЕТЫ ОСЕННЕГО УХОДА', 3, 'upl/health/2.jpg', 500, 1),
(3, 4, '2021-12-08 09:16:54', 'Karim', 'Здоровье', 'Летняя жара, яркое солнце и обилие витаминов дарят нам возможность «отдохнуть» от вирусных заболеваний, пандемии, в том числе. Но осень в этом году пришла рано. Первые дожди, похолодание, сокращение светового дня спровоцировали массовую миграцию со свежего воздуха, из парков и скверов в закрытые ТЦ и кафе, в душные помещения с пересушенным воздухом. Многие из нас после летних отпусков вышли на работу, дети на учебу, в результате – потоки людей в транспорте с закрытыми окнами и люками. И как следствие – самые разнообразные вирусы начали атаковать нас со всех сторон.\r\n\r\nПровести осень бодро, активно, здорово – возможно. Вот топ-5 шагов к здоровому иммунитету. Придется немного постараться, но хорошее самочувствие того стоит.\r\n\r\nФизкультура и спорт\r\nОбщеизвестно, что для поддержания хорошего здоровья и подтянутой физической формы, занятия спортом просто необходимы. В случае с вирусными заболеваниями физическая активность повышает сопротивляемость дыхательных путей, увеличивает скорость кровотока, лимфодренажа, быстроту и силу иммунных реакций.\r\nПрогулки на свежем воздухе\r\nОсновная польза от прогулок – состав воздуха, которым мы дышим на улице.\r\n\r\nВоздух вне помещения обладает гораздо более высокой влажностью, потому сам процесс дыхания превращается в оздоровительную процедуру: происходит естественное увлажнение слизистой носа и сокращение количества выделений при насморке. Вот почему, кстати, прогулки после дождя являются наиболее полезными. Во время променада происходит насыщение мозга кислородом, улучшается не только его работы, но и всех органов. Учащается сердцебиение и ускоряется обмен веществ в сердечных мышцах – это лучшая тренировка, предупреждающая сердечно-сосудистые заболевания. Иммунитет имеет свойство укрепляться во время прогулок на свежем воздухе не только благодаря благотворному воздействию его на организм, но и потому, что на улице человек сталкивается с гораздо большим количеством окружающих его людей, чем в помещении.\r\n\r\nВ результате происходит формирование иммунитета ко многим респираторным инфекциям, которые намного чаще поражают домоседов, чем любителей активного отдыха.\r\n\r\nПитание\r\nОсенью обостряются самые разнообразные хронические заболевания и часто щадящий режим питания просто необходим. Постепенно уходит обилие ягод и фруктов как источника витаминов. Солнце как источника витамина D тоже перестает «работать».\r\n\r\n', 'УКРЕПИТЬ ОСЕНЬЮ ИММУНИТЕТ И НЕ ЗАБОЛЕТЬ: МИССИЯ ВЫПОЛНИМА', 3, 'upl/health/3.jpg', 203, 1),
(41, 0, '2021-12-08 09:16:54', 'Karim', 'Здоровье', 'Кальций – это минерал, который находится в организме человека в самом большом объеме, основной строительный материал для костной ткани. Интересно, что в среднем в теле человека постоянно бывает около 1 кг кальция. Конечно, он почти весь находится в скелете (99% всей массы).\r\n\r\nО недостатке кальция мы, как правило, задумываемся, когда замечаем проблемы в организме – с зубами и костями, выпадением волос, слоящимися и хрупкими ногтями.\r\n\r\nЕсли в организме дефицит кальция, кости и ногти станут ломкими, начнутся постоянные проблемы с кариесом и секущимися волосами. Станут беспокоить покалывания в пальцах, онемение рук и ног с судорогами – кальций участвует в работе нервной системы и мышц. Также он повышает иммунитет и снижает аллергические реакции, регулирует работу сердца. Кальций просто необходим для крепких костей, роста мышечной массы и многих обменных процессов в организме.\r\n\r\nЧасто дефицит кальция становится ощутимым уже при развитии остеопороза, когда человек приходит к врачу с переломом, казалось бы, на ровном месте.\r\n\r\nОрганизм не вырабатывает кальций самостоятельно, его можно получить, только сбалансировав рацион. Именно поэтому важно следить за тем, чтобы он поступал в достаточном количестве в течение жизни. Проблема в том, что кальций есть во многих продуктах, но очень трудно усваивается. Даже при употреблении молока, рыбы и овощей организм получит всего 25-30% кальция от всего количества, которое есть в пище.\r\nГде искать кальций. Больше всего кальция содержится в:\r\nтвёрдом выдержанном сыре;\r\nкисломолочных продуктах без добавленного сахара (натуральный творог, йогурт, кефир с коротким сроком годности в стеклянной или бумажной упаковке, а также продукты из козьего и овечьего молока);\r\nяичном желтке;\r\nсеменах (кунжут, мак, лён, конопля, амарант, чиа, горчица);\r\nорехах (миндаль, бразильский, грецкий, фундук, фисташки);\r\nрыбе и морепродуктах (сардины, крабы, креветки, моллюски);\r\nовощах (все виды капусты, лук, оливки, зелень);\r\nбобовых (соя, фасоль, бобы).\r\nЕще одно хитрое свойство кальция – по анализу крови нельзя определить его недостаток в организме. Если уровень кальция в крови снижается, он начинает вымываться из костей и перемещаться в сыворотку крови. Иногда из-за дефицита кальция уже развивается остеопороз, а анализы показывают приемлемое количество минерала. Поэтому, когда речь идет о возможном недостатке кальция, стоит ориентироваться на свое самочувствие.', 'КАЛЬЦИЙ МОРСКОЙ: ФУНДАМЕНТ ЗДОРОВЬЯ И КРАСОТЫ', 3, 'upl/health/4.jpg', 1050, 1),
(42, 0, '2021-12-08 09:16:54', 'Karim', 'Здоровье', 'Йод – очень важный микроэлемент для человеческого организма. Выработка гормона щитовидки – тироксина – происходит только при наличии йода в определенном количестве. На это и уходит до 90 процентов потребляемого с пищей йода.\r\n\r\nТироксин и щитовидка контролируют и усиливают интенсивность обмена веществ: водно-солевого, белков, жиров и углеводов. Также они регулируют теплообмен в организме, деление клеток, работу печени и сердечно-сосудистой системы. Кроме того, именно от этого гормона зависят нервная система, эмоциональное состояние человека и его психологическое здоровье.\r\n\r\nПоэтому семейный доктор при жалобах на неуравновешенное состояние в первую очередь отправит вас именно к эндокринологу – проверить уровень тироксина в крови и обследовать состояние щитовидной железы.\r\n\r\nДля нормальной поддержки работы щитовидки в организме необходимо от 150 до 200 мкг йода (в зависимости от возраста), повышена потребность в йоде у детей, беременных женщин и кормящих матерей. Будущим мамам необходимо 250 микрограммов йода в сутки.', 'ЙОД ДЛЯ ЩИТОВИДНОЙ ЖЕЛЕЗЫ – MUST HAVE И ПЕРВАЯ НЕОБХОДИМОСТЬ', 3, 'upl/health/5.jpg', 651, 1),
(43, 0, '2021-12-08 09:40:20', 'Andrey', 'Мир IT', 'DevOps — подход, про который вы наверняка слышали. Про него любят рассуждать многие, но есть ли понимание того, что это такое на самом деле? По данным рекрутинговых порталов, профессия DevOps-инженера — актуальна и хорошо оплачивается. Общее количество вакансий в России — около 500. Это значит, что хороших специалистов на рынке не так много, несмотря на обилие обучающих курсов. Разбираемся — что же такое DevOps и как он устроен.Суть\r\nОснова DevOps-подхода — это документ. «DevOps Manifesto», в котором подробно расписаны области его применения. Согласно ему, DevOps — это не просто утвержденные способы сертификации, набор ролей, инструментов или предписаний, а целая «философия», которая состоит из следующих установок:\r\n\r\nкоммуникация между командами разработки (Development) и ИТ-операций (Operations) должна быть прозрачной и эффективной;\r\nфокус — на продукты, а не проекты;\r\nбольшая часть аспектов работы должна быть автоматизирована;\r\nработа над продуктом не заканчивается после релиза;\r\nсоздание продукта считается завершенным только тогда, когда он снят с производства.\r\nИнструменты\r\nDevops должен очень хорошо быть знакомым с процессом организации разработки программного обеспечения. Можно выделить 2 наиболее распространенных подхода:\r\n\r\nGitHub Flow\r\nЕго используют для продуктов с одной версией, которая обновляется не очень часто. Например, веб-сайтов. Главный плюс этого инструмента — с ним разработчикам проще понимать и организовывать свою работу. Главное требование к коду здесь такое: в мастер-ветке не допускаются ошибки, и код должен быть готов к развертыванию в любой момент.\r\n\r\nЕще один важный принцип здесь — нужно подробно вносить все коммиты в ветви. Именно благодаря этому все члены команды могут в любой момент времени понять, что конкретно сделано, а что предстоит сделать. Кроме того, это сделает быстрее и полезнее обратную связь.\r\n\r\nGitLab Flow\r\nФактически, это расширение GitHub Flow, цель которого — еще больше стандартизировать процесс разработки и сделать связь между кодом и решаемыми проблемами более прозрачной. Для этого здесь введены дополнительные виды веток, например, ветки среды и выпуска. Также важная вещь здесь следующая — любое значительное изменение в коде должно сопровождаться подробным объяснением причин этого.\r\n\r\nТакже следует упомянуть систему управления конфигурациями Ansible, с помощью которой можно автоматизировать настройку и развертывание ПО. Она входит в состав большинства дистрибутивов Linux. Ее главное преимущество заключается в том, что она не требует установки клиента в системе.\r\n\r\nПрактики DevOps\r\nГлавные цели DevOps — автоматизация рабочих процессов и непрерывное улучшение продукта. Для их достижения используются следующие практики, применяемые на разных этапах.\r\n\r\nНепрерывная интеграция. Ее суть в том, что команда постоянно объединяет изменения программного кода в центральном репозитории, после чего автоматически происходят его сборка, тестирование и запуск. Главные преимущества этой практики — быстрый поиск и исправление ошибок, улучшение качества ПО и сокращение временных затрат на проверку и выпуск обновлений.\r\n\r\nВ командах, где непрерывная интеграция не применяется, вполне возможна ситуация, когда люди работают изолированно и объединяют изменения с основной частью проекта только в момент завершения своей части проекта. Такая схема делает слияние кода крайне сложной задачей, в ходе выполнения которой можно совершить большое количество ошибок.\r\n\r\nНепрерывное тестирование. Смысл этой практики — регулярное тестирование продукта перед обновлением для минимизации количества ошибок. Стоит особо отметить, что тестирование в DevOps — это ответственность всех членов команды. Задача разработчиков — заложить метрики качества в код и собрать результаты тестов. Работа специалистов по контролю качества — формировать тестовую среду и задавать настройки. Все тесты в DevOps проводятся быстро и автоматизировано, чтобы качественно отслеживать изменения в коде. Непрерывное развертывание и доставка. Суть этих практик — в автоматизации оперативного внедрения измененного или нового кода. Они дают возможность полностью автоматически развернуть код после каждой новой интеграции, без «ручного» участия членов команды. Благодаря этим практикам удобнее поддерживать согласованность ПО на разных платформах и средах развертывания.\r\n\r\nМониторинг. Согласно этой практике, постоянному мониторингу подвергается не только существующие виды кода, но и цикл обратной связи. Благодаря средствам непрерывного мониторинга команда разработчиков постоянно отслеживает показатели работы ПО и повышает его стабильность. Автоматизация процесса поиска конкретных проблем позволяет экономить время и часто их выявление происходит на опережение.\r\n\r\nИнфраструктура как код. Смысл практики — в настройке инфраструктуры по тем же принципам, что и создание программных продуктов. В результате устраняются границы между созданием приложений и организацией сред для них. Иными словами, код здесь — это конкретный план. Можно можем принести преимущества организации работы конвейеров DevOps в новые классы «кода» .\r\n\r\nВ этой практике все может иметь свой собственный DevOps-процесс. Процесс для приложений, конфигурации приложений, конфигурации кластера, образов и другого. Причем у каждого процесса своя скорость, и они не зависят друг от друга. Это выводит скорость и качество работы на совершенно другой уровень.', 'Основные инструменты и практики DevOps', 2, 'upl/it/1.png', 412, 6),
(44, 0, '2021-12-08 09:40:20', 'Andrey', 'Мир IT', 'Одна из главных задач для интернет-провайдера — назначение тарифных планов абонентам За это отвечает специальное оборудование — (Broadband Network Gateway (BNG) или же Broadband remote access server (BRAS)). Такое оборудование позволяет автоматизировать доступ абонентов к сети интернет, применяя политики тарифных планов и дополнительные опции тарификации. Рассказываем, как все устроено.Современный BNG\r\nГлавная причина внесения изменений в имеющуюся сеть передачи данных — это, рост объемов трафика. Инвестируя в сетевую инфраструктуру, современные провайдеры рассматривают те решения, которые позволят не только увеличить ее пропускную способность, но и сделают бизнес более прибыльным и конкурентоспособным.\r\n\r\nВторой важный фактор — это нестабильная работа имеющегося оборудования BNG. Бывают ситуации, когда BNG выходит из строя и нужно срочно его заменить. Или же BNG работает с серьезными задержками, а стабильная работа шлюза является бизнес-критичным процессом.\r\n\r\nСледующий по важности фактор — это внедрение сервиса NAT (Network Address Translation). Это технология преобразования приватных (серых) IP-адресов во внешние (белые). В этом случае, оператору нужно решить, реализовывать ли NAT отдельно или в составе BNG-решения.\r\n\r\nПри выборе конкретного решения оператор должен соблюсти баланс интересов инженеров, руководства и маркетинга. Для первых важны простота эксплуатации и хорошая поддержка продукта. Начальство же думает о сохранении инвестиций и надежности вендора. А для маркетологов важно иметь возможность получать подробную информацию о пользователях.', 'BNG следующего поколения для интернет-провайдеров', 2, 'upl/it/2.jpg', 512, 6),
(45, 0, '2021-12-08 09:40:20', 'Andrey', 'Мир IT', 'Внешний аудит информационной безопасности (ИБ) — хороший способ получить объективную оценку надежности ИТ-инфраструктуры, узнать степень ее устойчивости к угрозам как на уровне сети, так и на уровне отдельных компонентов информационной системы. Рассказываем, как выбрать для этого правильную компанию и на что смотреть, чтобы аудит был действительно эффективным.\r\n\r\n\r\nКто проводит внешний аудит\r\nЧтобы эта работа принесла реальный результат, компания должна обладать конкретными компетенциями. Среди основных: оценка защищенности ПО, оценка документации в области ИБ, оценка соответствия требованиям законов, экспертиза по базам данных. Но лучшее подтверждение компетенций — это реализованные проекты и отзывы клиентов. Как правило, на сайтах компаний все это можно найти.Для качественного аудита необходимо провести разноплановую работу и здесь нужно много специалистов: проверяющие соответствие ИТ-инфраструктуры требованиям регуляторов, аудиторы, понимающие устройство разработки на уровне кода, специалисты по интернет-банкингу, пентестеры и т. д.. В штате хороших компаний специалистов будет много и роли между ними будут распределены четко.\r\n\r\nКомпания должна иметь лицензии от регуляторов как подтверждение того, что она хорошо знает и понимает рынок. Это, например, лицензия ФСТЭК (Федеральной службы по техническому и экспортному контролю) на ТЗКИ (техническую защиту конфиденциальной информации), лицензия ФСБ на криптографию и сертификат ISO 27001 (стандарт, создания и систем менеджмента информационной безопасности).\r\n\r\nПеред началом работы с аудитором стоит потратить немного времени на самостоятельный сбор информации — с кем уже работала команда, насколько довольны клиенты, не было ли новостей о серьезных инцидентах ИБ в этих компаниях. Также многое можно понять и просто по стилю общения, так что точно стоит договориться о предварительных созвонах со специалистами.\r\n\r\nКогда нужен аудит\r\nЛучше всего сделать его регулярным, но если в компании произошло или произойдет какое-то из этих событий, то аудит точно нужен сейчас.\r\n\r\nБольшие изменения в ИТ-отделе, например, после объединения двух компаний или масштабной реорганизации.\r\nСмена людей на ключевых ИТ-должностях.\r\nПри изменении долгосрочных планов компании.\r\nПри оценке бизнес-активов компании и ИТ-отдела как важной ее части.\r\nПри оценке квалификации сотрудников ИТ и ИБ отделов.\r\nГрамотно проведенный аудит поможет сохранить важную информацию конфиденциальной, повысить контроль руководством компании состояния ИТ-инфраструктуры и ИБ-подразделения, а также модернизировать бизнес-процессы так, чтобы они отвечали требованиям как со стороны регуляторов, так и со стороны бизнеса.\r\n\r\nПодготовка\r\nХороший аудитор понимает всю важность и серьезность процесса. Поэтому, перед началом работы он попросит формализовать отношения, подписав NDA (Non-disclosure agreement, соглашение о неразглашении конфиденциальной информации). Этот документ одинаково полезен для обеих сторон. Следует особо зафиксировать требование, чтобы в отчете об аудите детально прописывались все найденные слабые места без исключений.\r\n\r\nЗатем аудитор изучает ваши ИТ-процессы и системы собирает нужную информацию для дальнейшей работы, проверяет текущие настройки систем защиты информации (СЗИ). Исходя из этого становится ясно, каким компонентам ИТ-инфраструктуры и процессам следует уделить особое внимание.\r\n\r\nЧто проверяется в процессе аудита\r\nДля объективной оценки ситуации необходима определенная дистанция. Аудитор организует процесс так, чтобы проверку конкретных точек в ИТ-инфраструктуре ваши сотрудники проводили самостоятельно, но под его личным контролем.', 'Когда нужен внешний аудит информационной безопасности', 2, 'upl/it/3.jpeg', 614, 6),
(46, 0, '2021-12-08 09:40:20', 'Andrey', 'Мир IT', 'На аутсорсинге управление и поддержка ИТ-сервисов передаётся в стороннюю компанию. В основном это делают для того, чтобы сократить накладные расходы и добиться от ИТ-сервисов важных для бизнеса показателей. Над ИТ-задачами работают профессионалы из любой точки мира, а компания-заказчик полностью концентрируется на основном направлении своей деятельности.\r\n\r\nРассказываем, какие сервисы можно передать на аутсорсинг сервис-провайдеру и как организована их поддержка извне.Какие сервисы передают на аутсорсинг\r\nПоддержка ИТ-сервисов подразумевает полное или частичное их обслуживание провайдером. Полностью передают всю инфраструктуру под внешнее управление небольшие и средние компании. В штате крупной компании, как правило, есть свои айтишники, но они загружены другими задачами. Поэтому крупный бизнес отдает на аутсорсинг часть работ, которая требует узкоспециализированных профессионалов или нерегулярного обслуживания. Все работы можно выполнять удалённо. Благодаря этому компания из любого города может привлечь для своих задач специалистов высокого уровня.\r\nАдминистрирование серверов\r\nВнешняя компания может заниматься поддержкой и мониторингом серверов, администрированием баз данных, созданием бэкапов, реагированием на инциденты, управлением серверными приложениями, обновлением ОС. Это рутинные процессы, от которых зависит стабильная работа компании. В надёжной ИТ-компании администрированием занимаются сертифицированные специалисты с большим опытом, что практически исключает риски.\r\n\r\nАдминистрирование виртуальной инфраструктуры\r\nЕсли инфраструктура клиента размещена в публичном, частном и гибридном облаках, можно отдать её администрирование на аутсорсинг. Другой вариант — управлением занимается та же компания, что предоставляет виртуальную инфраструктуру. Это снижает расходы на поддержку ИТ-инфраструктуры и помогает сосредоточиться на развитии бизнеса. Стартапам и компаниям, которые только начинают создавать ИТ-инфраструктуру, выгодно доверить это сторонним специалистам, чтобы сэкономить на покупке дорогостоящего оборудования и на штатных сотрудниках.\r\n\r\nИТ‑сервисы Microsoft\r\nСервисы Microsoft могут работать не только на ПК, но и в облаке. Компания может арендовать почтовый сервер, сервис SharePoint, каталоги Active Directory, Windows Server, SQL-сервер, хранилище OneDrive, Skype, Word и Excel. Благодаря этому не придётся тратить ресурсы на покупку, обслуживание и обновление софта.\r\n\r\nManaged DevOps\r\nСторонняя компания может выступать в качестве DevOps-инженера, помогать упорядочить работу над проектом, объединять разработчиков, тестировщиков и продуктологов. ИТ-специалисты с помощью необходимых инструментов, в том числе Docker и Kubernetes, создадут удобную конвейерную среду для разработчиков. Также в список услуг может входить администрирование серверного и сетевого оборудования, ПО и сервисов, быстрое исправление критических ошибок. Это помогает автоматизировать и систематизировать все процессы, от сборки до тестирования и доставки приложений.\r\n\r\nПроектирование и обслуживание корпоративных сетей\r\nПроектирование, создание, обслуживание и администрирование сетей требует специализированных знаний. Как правило, компаниям со штатом менее 5000 сотрудников выгоднее передать это на аутсорсинг. Привлечённые специалисты полностью возьмут все задачи на себя и проконтролируют работы по монтажу, прокладке оптического кабеля и т. д. Заказчик не только сэкономит бюджет, но и получит надёжную сеть с высокой пропускной способностью.\r\n\r\nВиды ИТ-аутсорсинга\r\nВ зависимости от выполняемых задач, аутсорсинг ИТ-сервисов делят на ресурсный, функциональный и стратегический.\r\n\r\nРесурсный аутсорсинг — это аренда ресурсов, которыми заказчик будет управлять самостоятельно. Можно взять в аренду виртуальные серверы в ЦОДе провайдера или ИТ-специалистов. При этом аутсорсинговая компания не занимается администрированием и не отвечает за уровень сервиса.\r\nФункциональный аутсорсинг — передача части ИТ-сервисов на внешнее обслуживание. Сюда относится аутсорсинг поддержки серверной инфраструктуры, облачные сервисы класса SaaS и т. д. Компания, которая занимается аутсорсингом, берёт на себя ответственность за уровень сервиса.\r\nСтратегический аутсорсинг — полное управление ИТ-инфраструктурой. Заказчик полностью передаёт задач по обслуживанию информационной системы. Это помогает компании получить в распоряжение надёжно работающие сервисы и не заниматься вопросами их администрирования, масштабируемости и безопасности.\r\nВ чём выгода аутсорсинга для бизнеса\r\nИнформационные системы становятся сложнее, объём обрабатываемых данных растёт. Чтобы грамотно настроить и поддерживать ИТ-сервисы, нужны опытные специалисты. Если деятельность компании не связана напрямую с ИТ, держать таких профессионалов в штате нерентабельно. К тому же, без активной практики даже профессионал высокого уровня со временем начнёт проигрывать своим более активно задействованным коллегам.\r\n\r\nВот ещё 10 плюсов поддержки ИТ-сервисов на аутсорсинге.\r\n\r\nКомпания решает вопрос с поиском нужных специалистов в штат. На аутсорсинге можно нанимать профессионалов из любой точки мира. При этом, это будут опытные специалисты разных направлений.\r\nУ бизнеса появляется больше возможностей для роста, так как его владельцы фокусируются на управлении и развитии.\r\nВремя штатных сотрудников расходуется эффективнее, каждый из них сосредоточиться на решении приоритетных задач.\r\nКомпания экономит, снижая затраты на содержание дополнительных сотрудников. Расходы на штатного работника всегда выше аутсорсинга, так как работодатель тратит средства на организацию рабочего места, оплату отпусков и больничных.\r\nЧерез аутсорсинговую компанию заказчик получает доступ к новейшему оборудованию, профессиональным разработчикам, большим мощностям и другим важным ресурсам.\r\nЗаказчик защищает себя от непредвиденных обстоятельств в виде болезней сотрудников и выхода из строя элементов инфраструктуры. Это повышает производительность компании.\r\nАутсорсинг позволяет вести круглосуточный мониторинг и быстро реагировать на инциденты.\r\nМеньше вложений — ниже риски. Инвестиция в бизнес связаны с рисками, так как технологии устаревают очень быстро. Благодаря аутсорсингу можно избежать лишних вложений и уменьшить риск.\r\nОперационные системы и ПО будут регулярно обновляться, так что у заказчика всегда будет доступ к новейшим технологиям.\r\nЗаказчик может быть уверен в профессиональной поддержке ИТ-сервисов и не волноваться за рабочий процесс.\r\nКак передать ИТ-сервисы на аутсорсинг\r\nПрежде, чем заключить договор с ИТ-компанией, проводится аудит информационных систем заказчика. Крупные компании проводят обследование ИТ-инфраструктуры клиента бесплатно.\r\n\r\nНа основе полученной информации создают план, прописывают объём работ, ответственность, которую несёт ИТ-компания, и бюджет. После этого стороны подписывают соглашение об уровне услуг (SLA) и заключают договор.\r\n\r\nИТ-специалисты приступают к работе, оптимизируют или создают с нуля инфраструктуру, устраняют ошибки. После завершения первого этапа работ, как правило, начинается рутина с мониторингом ИТ-сервисов, обновлением и круглосуточной поддержкой.', 'Поддержка ИТ-сервисов: как это работает в формате аутсорсинга', 2, 'upl/it/4.jpg', 712, 6),
(47, 0, '2021-12-08 09:40:20', 'Andrey', 'Мир IT', 'Если вам нужно хранить и обрабатывать большие объемы данных, хорошим выбором могут стать системы хранения данных (СХД) в облаке. Здесь нет ограничений по типам информации; работать можно с привычными форматами данных — документами, медиафайлами, архивами и т. д., а также со структурированными и неструктурированными данными. Выбор типа СХД зависит от задач, однако в своей основе системы хранения, как правило, мало отличаются: в них используются SSD-накопители (All Flash Array) или же гибридные решения, то есть SSD + HDD.\r\nТипы систем хранения данных\r\nБлочные хранилища\r\nФизически это могут быть несколько хранилищ разного типа, но операционная система воспринимает его, как логический диск, по отношению к которому доступны все традиционные действия — его можно отформатировать, разбить на разделы и установить операционную систему. В соответствии с названием, данные здесь хранятся не в виде файлов, а в виде блоков. Благодаря этому, скорость работы с данными (IOPS) выше, чем у других типов СХД.\r\n\r\nТакие системы подходят для следующего:\r\n\r\nБольших «тяжелых» БД. SAP Hana, Oracle и т. п.\r\nВиртуализации. Виртуальные машины обычно используют дисковое пространство блочных СХД.\r\nВысокопроизводительных вычислений.\r\nВ качестве хранилища для сред разработки.\r\nОбычно блочные СХД используется в сетях типа SAN (Storage Attached Network).\r\n\r\nИз минусов можно назвать высокую стоимость. Также здесь ограничен объем метаданных.\r\n\r\nФайловые хранилища\r\nЭтот вид СХД представляет собой каталоги с файлами. Главное достоинство — простота работы, кроме того они дешевле блочных систем. Такая топология особенно удобна, если вам не нужно обрабатывать большие объемы данных.\r\n\r\nКак правило, на таких СХД построено следующее:\r\n\r\nСистемы совместного использования файлов для работы распределенной команды над проектом.\r\nСистемы локального архивирования для регулярного создания резервных копий.\r\nГлавный недостаток — когда данных много, скорость работы хранилища становится ниже. Поэтому они лучше всего подходят для ситуаций, когда скорость отклика не критична. Файловые сервера NAS (Network Attached Storage) обычно строятся именно на таких хранилищах.\r\n\r\nОбъектные хранилища\r\nЗдесь можно хранить большие объемы данных — до петабайтов. Они хранятся не как файлы, а как объекты. У них есть уникальные идентификаторы и метаданные, поэтому получить доступ к объектам просто. Кроме того, они имеют внутренние механизмы проверки целостности и доступности файлов. Благодаря подробной метаинформации объектов вы можете оптимизировать хранение и расходы на хранилище.\r\n\r\nТакие хранилища используются:\r\n\r\nдля машинного обучения и аналитики: на их основе можно внедрять новые решения и оптимизировать облачные приложения;\r\nхранения больших медиафайлов — например, если вам нужно хранить много фотографий товаров в высоком разрешении;\r\nbig data — например, если ваши клиенты генерируют много данных и вы хотите их анализировать;\r\nсистем бэкапа;\r\nразработки в облаке;\r\nхостинга.\r\nИменно на объектных СХД построена инфраструктура таких сервисов, как Facebook, Dropbox, Netflix, Spotify. Все они оценили масштабируемость, расширяемость метаданных и скорость доступа к информации. Но это не делает такие хранилища универсальным решением. Поэтому для своего проекта вам следует выбирать между всеми вариантами.\r\n\r\nПримеры решений\r\nNetApp\r\nОдин из лидеров мирового рынка СХД. Головной офис компании расположен в США. NetApp производит следующие типы СХД:\r\n\r\nAFF С190. Младшие модели, стоят недорого, оптимальны для небольших организаций. Устойчивы к сбоям и надежны в части работы виртуальных машин.\r\nAFF A-Series. Они созданы для непрерывной работы критически важных приложений, систем виртуализации и баз данных. Спроектированы так, чтобы занимать как можно меньше места и потреблять как можно меньше энергии в дата-центре.\r\nEF-Series. В их основе — только SSD. Они оптимальны для работы бизнес-приложений, где важна скорость транзакций, а также производительность и надежность.\r\nFAS-Series. Гибридные СХД, которые подходят для больших проектов. При этом, одновременно их можно использовать и для резервного копирования.\r\nСреди преимуществ этих СХД:\r\n\r\nБлагодаря цельной системной архитектуре, модернизация и масштабирование проводятся просто.\r\nМожно объединить сетевые хранилища на базе сетевой операционной системы NetWare или Windows.\r\nРасходуется меньше ресурсов ОС, потому что бэкапы создаются быстрее.\r\nБыстрота и защищенность ОС.\r\nРасширенные опции по виртуализации как серверов, так и рабочих станций.\r\nСовместимость с системами виртуализации и комбинирование с enterprise-приложениями.\r\nПоддержка iSCSI, HTTP, NFS, FC, FTP, CIFS.\r\nITGLOBAL.COM получил от компании уровень партнерства Gold. За 12 лет компания накопила большую экспертизу, внедряя эти СХД у разных заказчиков. Также на хранилищах NetApp построена облачная инфраструктура ITGLOBAL.COM.\r\n\r\nHewlett Packard Enterprise\r\nСреди достоинств решений от HPE — автоматизированная система управления жизненным циклом и повышения доступности массива. Вендор обещает, что у него достаточно накопленных глобальных данных, чтобы предотвращать проблемы заранее. Плюс СХД в том, что можно подобрать простое в установке решение, которое не будет требовать большого опыта работы в сфере хранения данных.\r\n\r\nОдна из самых оптимальных СХД от HPE — Primera, разработанная для критически важных приложений. Она экономно потребляет ресурсы, поэтому производительность всегда остается высокой. Также можно отметить HPE Nimble, в которой используются интеллектуальные функции анализа для контроля состояния СХД.\r\n\r\nDell\r\nВендор старается предлагать подходящие решения для организаций разных масштабов. При покупке решения есть возможность заранее запланировать модернизацию, что снижает общую стоимость использования. Решения от этого вендора считаются надежными и эффективными. Также среди достоинств — легкая масштабируемость и высокая скорость работы.\r\n\r\nЗдесь можно отметить серию SC, в которой есть как гибридные решения, так и полностью построенные на SSD. Среди их плюсов — современная архитектура и высокая производительность. Также существует серия PowerVault ME4, созданная для упрощения работы с сетями SAN и DAS.\r\n\r\nПлюсы хранения и обработки данных в облаке\r\nОдно из главных преимуществ — ответственность за их сохранность лежит на провайдере. Вот еще плюсы такого подхода.\r\n\r\nМасштабируемость. Вы пользуетесь и оплачиваете ровно тот объем услуг, который необходим. При этом, можно гибко менять конфигурацию как в сторону увеличения, так и в сторону уменьшения.\r\nНе нужно покупать оборудование, которое затем будет простаивать. Это обеспечивает гибкость, глобальную масштабируемость и надежность.\r\nВысокая скорость запуска. Благодаря облачной инфраструктуре ваши ИТ-специалисты смогут быстро получить нужное количество пространства для хранения данных и развертывания проектов. Они смогут заниматься более важной работой, а не обслуживанием СХД.\r\nВ СХД вы сможете настроить уровни доступа к информации любой сложности. Можно вводить и изменять уровни доступа к различным данным, чтобы каждый пользователь видел только нужную ему информацию.\r\nКак выбрать надежного поставщика для хранения данных в облаке\r\nХороший вендор обладает несколькими качествами, которые сделают вашу совместную работу предсказуемой и уберегут от неприятных сюрпризов.\r\n\r\nУ него должен быть опыт работы с СХД с лучшими на рынке. Хороший знак, если у него есть профессиональная сертификация от производителя и успешные кейсы с крупными компаниями.\r\nПоставщик должен иметь опыт управления сложной ИТ-инфраструктурой , с разными типами СХД. Лучший вариант здесь — Managed IT провайдер.\r\nХорошо, если СХД и сетевая инфраструктура размещены в надежных центрах обработки данных уровня Tier III.\r\nТакже важно заранее определиться, какой объем данных вы расчитываете хранить в облаке и какого типа они будут. Чем яснее вы заранее ответите на эти вопросы, тем точнее вы сможете рассчитать расходы, обсуждая конкретное облачное решение с поставщиком.', 'Хранение данных в облаке', 2, 'upl/it/5.jpg', 8125, 6),
(48, 0, '2021-12-08 10:05:19', 'Alisher', 'Природа', 'Открыл для себя еще один удивительный, отдаленный и труднодоступный уголок нашей Родины. Давным-давно в устье речки Харгинки на Байкале был поселок. Теперь здесь кордон Прибайкальского национального парка – Харгино. Примечательно это место не только красотой природных ландшафтов, но и месторождением кварцевого песка, которое расположено на одной из самых верхних террас в 4 км от береговой линии.Месторождение эксплуатировалось на протяжении 170 лет, начиная с 1784 года по инициативе академика Эрика Лаксмана для своего Тальцинского стекольного завода. В 1892 году житель поселка Большое Голоустное Стрекаловский взял подряд на разработку песка и его доставку в Тальцинский, Слюдянский, Тельминский, Верхнеудинский стекольные заводы. С 1934-1954 гг. песок добывали Улан-Уденский стеклострой и Иркутский металлургический завод им. Куйбышева для литейного производства.На прииске использовался не только труд наемных рабочих, но и каторжан. Востребованы были в основном две профессии: забойщики и лотошницы. Забойщики кайлой отбивали песок, загружали в вагонетки и по рельсовой дороге доставляли к лотку.', 'Музей под открытым небом', 1, 'upl/nature/1.jpg', 182, 3),
(49, 0, '2021-12-08 10:05:19', 'Alisher', 'Природа', 'Саблезубого оленя видели? Вот и я нет. Сколько хожу по тайге, но ни разу не довелось увидеть самого маленького оленя нашей тайги - кабаргу. Решил восполнить этот пробел. После выполнения основной работы на дальнем кордоне Прибайкальского национального парка в местности Харгино осталось три дня в запасе. Думаю, будет достаточно, чтобы поближе познакомиться с этим удивительным животным, который обитает в труднодоступных местах.Кабарга любит захламленные участки тайги. Здесь легче спрятаться от хищников. Даже такой маленький зверек, как соболь представляет угрозу для нее. Не считая волка, рысь и, конечно же, человек, который преследует это животное из-за «кабарожьей струи» - мускуса кабарги.', 'Нет худа без добра', 1, 'upl/nature/2.jpg', 2425, 3),
(50, 0, '2021-12-08 10:05:19', 'Alisher', 'Природа', 'Изюбрям и косулям заготовлено сено, кабанам – овес, белкам – кедровый орех, птицам - ягоды. Мы готовы поддержать обитателей нашей территории в тяжелый зимний период. Не забыли и самых маленьких. Видя, как они суетливо заготавливают корм на зиму, решили и им помочь. Организовали подкормочные площадки для пищух и бурундуков. Надо было видеть восторженную мордочку бурундука, когда он, пробегая по каменной россыпи, наткнулся на такое богатство: «Неужели это все мое?!»Не успел я ответить, как прибежала пищуха и громко запищала: «Прочь, прочь от кормушек, это все наше!».', 'От пустословия только ущерб', 1, 'upl/nature/3.jpg', 2420, 3),
(51, 0, '2021-12-08 10:05:19', 'Alisher', 'Природа', 'Многие восхищаются нашей работой, пишут, спрашивают: «Можно приехать в гости и вместе с вами прогуляться по лесу, подышать чистым воздухом и насладиться красотой природы?». Когда говорю, что мы еще не готовы принимать гостей обижаются. Конечно, можно и приехать, но вот насчет «прогуляться», «подышать» и «насладиться»…\r\nВпрочем, давайте посмотрим историю одного недельного рейда по территории. В нашу задачу входило: обследовать северо-западную часть лесничества, занести соль на дальние солонцы, провести учет изюбря на реву, снять данные с фотоловушек, уточнить, где проходит граница нашей волчьей стаи. Мы подгадали момент, когда матерый и волчица пошли на обход свой территории.', 'Прогуляться, подышать и насладиться', 1, 'upl/nature/4.jpg', 8936, 3),
(52, 0, '2021-12-08 10:05:19', 'Alisher', 'Природа', 'Недавно публиковал пост \"Одинокий волк\". Продолжение этой истории на сайте ФГБУ \"Заповедное Прибайкалье\": \"История с одиноким волком в Прибайкальском национальном парке получила продолжение. Особь, попавшая летом в объектив фотоловушки в Большереченском лесничестве, не прекращает «фотосессию»: отмечается аппаратурой и днём, и ночью.Волк обходит свои владения, изучает следы других животных на тропе, прогоняет ворон… Но при этом держится подальше от членов обитающей здесь же стаи. Что же не так с этим одиночкой?\r\nСекрет зверя продолжает разгадывать помощник директора ФГБУ «Заповедное Прибайкалье» Артур Мурзаханов. Он регулярно снимает данные с установленных на территории лесничества фотоловушек и признаётся: уже привязался к зверю. И сделал определённые выводы: одиночка – это волчица. И она «не в почёте» у доминантной самки местной стаи. Что произошло, в чём конфликт интересов – ещё предстоит разобраться ☝ Судя по тому, что одинокая волчица не выражает желания удалиться, «звериный сериал» продолжается!\r\nНа видео: Первый кадр – вожак стаи «патрулирует» свою территорию, пока на втором и третьем кадре наша героиня ставит ворон на место и выясняет что их привлекло  Далее – снова вожак и доминантная самка; ночные съёмки – с неизвестным «героем».', 'ВОЛК – ОДИНОЧКА ОКАЗАЛСЯ… ВОЛЧИЦЕЙ', 1, 'upl/nature/5.jpg', 333, 3),
(53, 0, '2021-12-08 10:20:04', 'Artem', 'Книги', 'Это страница книги на Bookmate. Когда начинался Букриот, представить такие цифры для начинающего писателя было довольно сложно. Прямо скажем, нереально.\r\nСегодня ситуация во многом изменилась и то, что два года назад было неочевидно широкому слою читателей (а именно, рассвет русской прозы), сейчас довольно сложно игнорировать. Можно долго спорить о качестве этой прозы и количестве, но уже то, что спорить есть о чем — хорошая новость.\r\n\r\nМне кажется, я тут что-то важное делала и наверное, есть смысл это дело продолжить.\r\nПоэтому, прежде чем я продолжу (или начну заново), скажите мне, чего вы хотите?\r\nНе сдерживайте себя.', 'Песне ты не скажешь до свидания', 4, 'upl/books/1.jpg', 7876, 5);
INSERT INTO `posts` (`id`, `comments`, `date`, `author`, `categories`, `text`, `title`, `cat_id`, `img`, `views`, `friend_id`) VALUES
(54, 0, '2021-12-08 10:20:04', 'Artem', 'Книги', 'Советских времён ученый Лев Семеныч Выготский в своих работах по психологии искусства как-то поставил вопрос, что делает искусство, собственно искусством — форма или содержание. И, последовательно отвечая, чем же наскальные рисунки отличаются от, допустим «Моны Лизы», пришёл к выводу, что форма, она всё-таки важнее.\r\nЭтот вопрос, а вернее, такое его решение, не дает мне покоя довольно давно. Не то, чтобы Выготский непререкаемый авторитет, но и признать всё современное искусство (а в этой теории ему не очень-то комфортно) — «не-искусством», я, пожалуй, не готова.\r\n\r\nИтак, форма и содержание. Яйцо и курица, Кощей и игла, яблоко и яблонька. Невозможно не вспомнить об этой теории, читая новый роман Самсонова.\r\n\r\nДля тех, кто только что к нам присоединился, напомним, что на Самсонова русская литература возлагает особые надежды. Что Самсонов «новый гоголь» по версии господина Данилкина, «может написать хорошую книгу, если оставит понты» (утрирую) по версии господина Быкова. И автор, чью «Аномалию Камлаева» в бумажном виде которые месяцы (годы) невозможно найти вообще нигде, — по версии обычных читателей. (Вопрос в Эксмо, кстати, вы собираетесь допечатывать тираж? У меня тут очередь из желающих получить бумажную версию).\r\n\r\nИтак, она звалась Татьяной новый роман надежды русской литературы.\r\nКрайне, крайне занимательный текст. 600 страниц мелким кеглем (как всегда). Впечатления от которого проще всего описать как американские горки. От «боже, он гений!», до «что за ахинею он несет?»\r\n\r\nИ я, честно говоря, даже не знаю с какого бока к нему подойти.\r\n\r\nДавайте с хорошего.\r\nИтак, во-первых, перед вами — роман, написанный восхитительным языком. В какие-то моменты Самсонов прямо творит его, куёт язык заново. И главное восхищение — именно этой способностью подчинять себе языковую стихию, становиться ее мастером, обуздывать и лепить из неё всё, что заблагорассудится.\r\n\r\nЕсть места в книге, где Самсонов — я сейчас без шуток — продолжает то, на чём закончил Достоевский в своём «Преступлении и наказании», о чём коротенько промолчал, — это тема вины, необратимости сделанного, выкупа для собственной души, погони от самого себя и искупления для новой жизни. Невероятной глубины.\r\n\r\nДальше — о девяностых. Я не видела в русской прозе никого, кто так точно и так пронзительно описал бы положение простого человека в порядком уже мифологизированных «лихих 90-х». Описал не глянцевой картинкой сериала «Бригада», не хаханьками пелевинского «Поколения П», но залез к нему в башку, в душу, высветил все там фонариком, все завороты кишок, извилин и смутных предчувствий, накрутил на кулак и вынул на свет божий. Кто всерьез посмотрел на этих людей, без цинизма, без высокомерия и без розовых очков. Понял все про их унижение, несправедливость, про боль от того, что родное разграблено, земля выбита из-под ног и смысл жизни обесценился, а что дальше — не знает никто.\r\nЗа описание 90-х годов — однозначная пятерка.\r\n\r\nВообще эта тема железных, трудовых людей — в романе основная, и Самсонов показывает свой вариант ответа на сакральное «в чем сила, брат» под самыми разными углами. Силу в романе выражают несколько очень разных персонажей, каждый из которых — силен но каким-то отличным от другого чувством, боком.\r\nГромко звучит и тема животности самой земли, очень много эпитетов связанных не просто с её очеловечиванием, но непосредственно с гендерной составляющей. Здесь голос автора становится довольно жестким, циничным и агрессивным — как агрессивен молодой организм, мучимый гормональной бурей. Не скажу, что всегда Самсонову удаётся удержаться в тонких рамках между экспрессией и вульгарностью.\r\n\r\nПсихологизм. Самсонов умеет внушить отвращение к персонажу, выразить всю его душевную вонь, скользкость. И умеет показать человека сложным, не однозначным, борющимся в самом себе. Если он лепит большого человека — то знает, как показать, что он большой, чем это выразить.\r\n\r\nТеперь к не очень хорошему.\r\nМало языком владеть. Мало понимать, о чём хочешь сказать. Мало видеть своих персонажей чётко, без блера. Это всё нужно уметь собрать воедино, чтобы все заработало, без твоих видимых усилий.', 'Форма и содержание: Сергей Самсонов «Железная кость»', 4, 'upl/books/2.jpg', 5537, 5),
(55, 0, '2021-12-08 10:20:04', 'Artem', 'Книги', '«Ма́стер и Маргари́та» — роман Михаила Афанасьевича Булгакова, работа над которым началась в декабре 1928 года и продолжалась вплоть до смерти писателя. Роман относится к незавершённым произведениям; редактирование и сведение воедино черновых записей осуществляла после смерти мужа вдова писателя — Елена Сергеевна. Первая версия романа, имевшая названия «Копыто инженера», «Чёрный маг» и другие, была уничтожена Булгаковым в 1930 году. В последующих редакциях среди героев произведения появились автор романа о Понтии Пилате и его возлюбленная. Окончательное название — «Мастер и Маргарита» — оформилось в 1937 году.\r\n\r\nПервая публикация произведения в сокращённом виде была осуществлена в 1966—1967 годах (журнал «Москва», предисловие Константина Симонова, послесловие Абрама Вулиса). Первое полное издание книги на русском языке вышло в 1967 году (издательство «YMCA-Press», Париж). В СССР книжный вариант без купюр увидел свет в 1973 году (издательство «Художественная литература», тираж 30 000 экземпляров). Произведение неоднократно экранизировано и инсценировано[⇨].', 'Мастер и Маргарита', 4, 'upl/books/3.jpg', 4535, 5),
(56, 0, '2021-12-08 10:20:04', 'Artem', 'Книги', '«Отцы́ и де́ти» (рус. дореф. Отцы и Дѣти) — роман И. С. Тургенева, написанный в 1860—1861 годах и опубликованный в 1862 году в журнале «Русский вестник». В обстановке «великих реформ» книга стала сенсацией и привлекла к себе всеобщее внимание, а образ главного героя Евгения Базарова был воспринят как воплощение нового, пореформенного поколения, став примером для подражания молодёжи 1860-х гг. Свойственные Базарову бескомпромиссность, отсутствие преклонения перед авторитетами и старыми истинами, приоритет полезного над прекрасным стали идеалами первого поколения пореформенной интеллигенции[1].', 'Отцы́ и де́ти', 4, 'upl/books/4.jpg', 789, 5),
(57, 0, '2021-12-08 10:20:04', 'Artem', 'Книги', '«Евге́ний Оне́гин» (дореф. «Евгеній Онѣгинъ») — роман в стихах русского писателя[1] и поэта Александра Сергеевича Пушкина, написанный в 1823—1830 годах, одно из самых значительных произведений русской словесности. Повествование ведётся от имени безымянного автора, который представился добрым приятелем Онегина. По словам Белинского, Пушкин назвал «Евгения Онегина» романом в стихах, поскольку в нём изображена «жизнь во всей её прозаической действительности»[2].\r\n\r\nАлександр Пушкин работал над этим романом свыше семи лет[3]. Работу над ним Пушкин называл подвигом — из всего своего творческого наследия только «Бориса Годунова» он характеризовал этим же словом. В произведении на широком фоне картин русской жизни показана драматическая судьба представителей русского дворянства первой четверти XIX века.', 'Евге́ний Оне́гин', 4, 'upl/books/5.jpg', 457, 5),
(58, 0, '2021-12-08 10:32:20', 'Murod', 'Машины', 'Специалисты сайта Car.ru назвали три автомобиля с надежными вариаторами. Каждый участник топа обладает трансмиссией, способной отработать свыше 300 тыс. км. Кто в топе, читайте в материале. \r\n\r\nHonda Jazz I / Fit I \r\nХэтчбек, который появился на рынке 20 лет назад, в основном комплектовался бензиновым мотором мощностью 83 лошадиных силы. Пару ему составлял вариатор CVT. Последний при надлежащем обслуживании не доставит хлопот как минимум до отметки в 300 тыс. км.\r\n\r\nSubaru Legacy V\r\nАвтомобиль пятого поколения выпускался в период с 2009 по 2012 годы. Две силовые установки 2,0 и 2,5 литра трудятся совместно с вариатором. Трансмиссия способна прослужить 400 тыс. км, если ее качественно обслуживать.\r\n\r\nToyota RAV4 III\r\nУ «паркетника» третьей генерации (XA30) самым экономным считается тандем двухлитрового двигателя и вариаторной трансмиссии. Несмотря на скептическое отношение некоторых автомобилистов, коробка передач часто служит своему хозяину минимум 400 тыс. км.', 'Ездят больше 300 тыс. км: топ-3 авто с надежными вариаторами', 5, 'upl/cars/1.jpg', 59, 4),
(59, 0, '2021-12-08 10:32:20', 'Murod', 'Машины', 'В октябре 2021 года подержанные автомобили впервые опередили новые машины по числу заявок на кредит. На покупку б/у авто было подано 402,8 тысячи заявок, а на приобретение новых — 328,6 тысячи. До начала пандемии коронавируса дела обстояли иначе — заявки на получение кредитов на покупку новых машин в 3,5 раза превышали число заявок в пользу авто с пробегом. Об этом написали «Известия» со ссылкой на информацию Национального бюро кредитных историй (НБКИ). \r\n\r\nСмещение интереса в сторону машин с пробегом в НБКИ объясняют нехваткой новых автомобилей в дилерских центрах. Дилеры совместно с банками расширили кредитную инфраструктуру для вторичного авторынка. \r\n\r\nИзменения в трендах автокредитования автоэксперт Игорь Моржаретто объяснил еще двумя обстоятельствами. Первое заключается в большом росте цен на новые машины. Так, с начала года они подорожали более чем на 20%. Вторым обстоятельством является банальная нехватка денег у населения на новенькие авто. \r\n\r\nИгорь Моржаретто также отметил, что рост цен на вторичке с начала текущего года оказался большим, чем на рынке новых авто. Так, ценники на б/у машины поднялись на 30-35%. Эксперт объясняет это смещением спроса на подержанные автомобили и недостатком машин возрастом от трех до семи лет.\r\n\r\nАвтор: Максим Бондаренко\r\n\r\nМатериал подготовлен совместно с группой «Союз профессионалов авторынка». Если ты зарабатываешь на автомобилях с пробегом, вступай в сообщество, узнавай новое, делись опытом, прокачивай скиллы, знакомься с коллегами.', 'Россияне стали чаще покупать авто с пробегом в кредит', 5, 'upl/cars/2.jpg', 47, 4),
(60, 0, '2021-12-08 10:32:20', 'Murod', 'Машины', 'Эксперты «Авито Авто» высчитали среднюю стоимость иномарок с пробегом соответственно стране происхождения. Для анализа был взят период с января по октябрь 2021 года. \r\n\r\nРезультаты оказались следующими: \r\n\r\nяпонские — средняя стоимость 600 тыс. рублей (+20% к цене за аналогичный период 2020 года);\r\nнемецкие — средняя стоимость 699 тыс. рублей (+30,7% к цене за аналогичный период 2020 года);\r\nамериканские — средняя стоимость 380 тыс. рублей (+15,2% к цене за аналогичный период 2020 года);\r\nюжнокорейские — средняя стоимость 529 тыс. рублей (+30,6% к цене за аналогичный период 2020 года). \r\nСамыми дорогими на российской вторичке оказались автомобили, произведенные в Великобритании. Их средняя цена составила 1 270 000 рублей. Самыми дешевыми стали машины из Малайзии. Они в среднем продавались по 70 тыс. рублей. ', 'Эксперты сообщили, сколько стоят авто из разных стран в России', 5, 'upl/cars/4.jpg', 36, 4),
(61, 0, '2021-12-08 10:32:20', 'Murod', 'Машины', 'В среднем по России 39% водителей хотя бы раз употребляли алкоголь до того, как сесть за руль. Это стало известно благодаря анонимному всероссийскому опросу, проведенному автомобильным сайтом «Дром» с 30 октября по 8 ноября этого года. В опросе приняло участие 13,5 тыс. автомобилистов из 82 регионов страны. \r\n\r\nИсследование показало, что пьяных водителей большего всего в Бурятии, Хакасии и Якутии. В этих регионах половина автомобилистов садились за руль в подвыпившем состоянии. \r\n\r\nНаибольший процент тех, кто никогда не употреблял алкоголь перед вождением, живет в Санкт-Петербурге и Пермском крае. Таких водителей здесь примерно 70%. \r\n\r\nЗа прошедшие годы в России ужесточили наказание для тех, кто в пьяном состоянии управляет автомобилем. В 2019 году был увеличен максимальный срок тюремного заключения для нетрезвых автомобилистов, по вине которых в аварии погибли люди. Вместо девяти лет лишения свободы их могут посадить на 15 лет. \r\n\r\nВ июле 2021 года была введена более строгая санкция за повторную «пьяную» езду. Таким нарушителям может грозить тюремный срок до трех лет.\r\n\r\nАвтор: Максим Бондаренко\r\n\r\nМатериал подготовлен совместно с группой «Союз профессионалов авторынка». Если ты зарабатываешь на автомобилях с пробегом, вступай в сообщество, узнавай новое, делись опытом, прокачивай скиллы, знакомься с коллегами. ', '«Дром» провел анонимный опрос и выяснил, сколько водителей ездили за рулем в нетрезвом состоянии', 5, 'upl/cars/3.jpg', 25, 4),
(62, 0, '2021-12-08 10:32:20', 'Murod', 'Машины', 'Жители России готовы покупать машины с пробегом в среднем за 443 800 рублей. За новое авто россияне согласны заплатить в среднем 1,25 млн рублей. Об этом сообщается в исследовании «Сберстрахования». \r\n\r\nБольшую сумму за авто с пробегом готовы выложить в следующих городах: \r\n\r\nМосква — 585 тыс. рублей;\r\nСанкт-Петербург — 565 тыс. рублей;\r\nЕкатеринбург — 562 тыс. рублей;\r\nКазань — 559 тыс. рублей;\r\nВладивосток — 558 тыс. рублей. \r\n20% тех, кто планирует купить авто в ближайшие два-три месяца, собираются приобрести новую машину. Если брать статистику по регионам, то больше всего рассчитывающих на покупку новых авто в: \r\n\r\nМоскве — 26% от потенциальных покупателей;\r\nХабаровске — 25% от потенциальных покупателей;\r\nКазани — 25% от потенциальных покупателей;\r\nРостове-на-Дону — 24% от потенциальных покупателей.', 'Россияне назвали сумму, за которую готовы купить авто с пробегом', 5, 'upl/cars/5.jpg', 14, 4),
(66, NULL, '2021-12-25 09:06:10', '49', '1', '1', '1', NULL, '', NULL, NULL);

-- --------------------------------------------------------

--
-- Структура таблицы `users`
--

CREATE TABLE `users` (
  `id` int NOT NULL,
  `name` varchar(255) NOT NULL,
  `login` varchar(255) NOT NULL,
  `password` varchar(255) NOT NULL,
  `email` varchar(255) NOT NULL,
  `img` varchar(255) DEFAULT NULL
) ENGINE=InnoDB DEFAULT CHARSET=utf8;

--
-- Дамп данных таблицы `users`
--

INSERT INTO `users` (`id`, `name`, `login`, `password`, `email`, `img`) VALUES
(1, 'Alish', 'Alisher', '1235', 'qwerty@gmail.com', 'templatemo_rss.jpg'),
(2, 'Kurs', 'Kurs', 'Kurs', 'Kurs@mail.ru', 'templatemo_rss.jpg'),
(3, 'html', 'html', 'html', 'qwerty@mail.ru', 'templatemo_rss.jpg'),
(4, 'Alex', 'alex', 'alex', 'bionorica2015@mail.ru', 'templatemo_image_01 — копия (2).jpg'),
(5, 'gh', 'gh', 'gh', 'gh@mail.ru', 'templatemo_rss.jpg'),
(6, 'admin', 'admin', 'admin', 'admin@mail.ru', 'templatemo_rss.jpg'),
(7, 'Azizxon7', 'Azizxon7', 'Azizxon7', 'Azizxon7@mail.ru', 'templatemo_rss.jpg'),
(8, 'Sherzod', 'sher', 'sher', 'sher@mail.ru', 'templatemo_rss.jpg'),
(9, 'Alex0', 'alex0', 'alex0', 'alex2015@mail.ru', 'templatemo_rss.jpg'),
(10, 'Alisher', 'alex1', 'alex1', 'notebookoof@yandex.ru', 'templatemo_rss.jpg'),
(11, 'ssssss', 'ss', '123', 'notebookoof@yandex.ru', 'templatemo_rss.jpg');

--
-- Индексы сохранённых таблиц
--

--
-- Индексы таблицы `categories`
--
ALTER TABLE `categories`
  ADD PRIMARY KEY (`id`);

--
-- Индексы таблицы `comments`
--
ALTER TABLE `comments`
  ADD PRIMARY KEY (`id`);

--
-- Индексы таблицы `friends`
--
ALTER TABLE `friends`
  ADD PRIMARY KEY (`id`);

--
-- Индексы таблицы `posts`
--
ALTER TABLE `posts`
  ADD PRIMARY KEY (`id`);

--
-- Индексы таблицы `users`
--
ALTER TABLE `users`
  ADD PRIMARY KEY (`id`);

--
-- AUTO_INCREMENT для сохранённых таблиц
--

--
-- AUTO_INCREMENT для таблицы `categories`
--
ALTER TABLE `categories`
  MODIFY `id` int NOT NULL AUTO_INCREMENT, AUTO_INCREMENT=48;

--
-- AUTO_INCREMENT для таблицы `comments`
--
ALTER TABLE `comments`
  MODIFY `id` int NOT NULL AUTO_INCREMENT, AUTO_INCREMENT=37;

--
-- AUTO_INCREMENT для таблицы `friends`
--
ALTER TABLE `friends`
  MODIFY `id` int NOT NULL AUTO_INCREMENT, AUTO_INCREMENT=7;

--
-- AUTO_INCREMENT для таблицы `posts`
--
ALTER TABLE `posts`
  MODIFY `id` int NOT NULL AUTO_INCREMENT, AUTO_INCREMENT=67;

--
-- AUTO_INCREMENT для таблицы `users`
--
ALTER TABLE `users`
  MODIFY `id` int NOT NULL AUTO_INCREMENT, AUTO_INCREMENT=38;
COMMIT;

/*!40101 SET CHARACTER_SET_CLIENT=@OLD_CHARACTER_SET_CLIENT */;
/*!40101 SET CHARACTER_SET_RESULTS=@OLD_CHARACTER_SET_RESULTS */;
/*!40101 SET COLLATION_CONNECTION=@OLD_COLLATION_CONNECTION */;
